{
  "timestamp": "2025-12-12T23:15:47.548375",
  "run_name": "sweep_30bees_75plants_r0",
  "parameters": {
    "simulation_bounds": {
      "min": -500,
      "max": 500
    },
    "num_plants": 75,
    "num_bees": 30,
    "num_hives": 1,
    "bee_velocity_mean": 24,
    "bee_velocity_std": 1.0,
    "dt": 0.05,
    "max_steps": 1000,
    "attraction_strength": 0.4
  },
  "metrics": {
    "total_trips": 29,
    "total_pollen_collected": 1285.0,
    "avg_distance_per_bee": 2020.4308305542575,
    "avg_trips_per_bee": 0.9666666666666667,
    "total_plant_visits": 45,
    "plants_visited": 17,
    "plant_visitation_rate": 0.22666666666666666,
    "avg_pollen_level": 0.8286666666666668,
    "pollen_per_distance": 0.021200098852967423,
    "pollen_per_bee_per_step": 0.042833333333333334
  }
}