{
  "timestamp": "2025-12-12T23:16:07.110101",
  "run_name": "sweep_70bees_75plants_r0",
  "parameters": {
    "simulation_bounds": {
      "min": -500,
      "max": 500
    },
    "num_plants": 75,
    "num_bees": 70,
    "num_hives": 1,
    "bee_velocity_mean": 24,
    "bee_velocity_std": 1.0,
    "dt": 0.05,
    "max_steps": 1000,
    "attraction_strength": 0.4
  },
  "metrics": {
    "total_trips": 67,
    "total_pollen_collected": 3215.0,
    "avg_distance_per_bee": 1829.9346412960751,
    "avg_trips_per_bee": 0.9571428571428572,
    "total_plant_visits": 116,
    "plants_visited": 40,
    "plant_visitation_rate": 0.5333333333333333,
    "avg_pollen_level": 0.5713333333333334,
    "pollen_per_distance": 0.02509847641118041,
    "pollen_per_bee_per_step": 0.04592857142857143
  }
}