{
  "timestamp": "2025-12-12T11:26:00.945459",
  "run_name": "sweep_30bees_75plants_r2",
  "parameters": {
    "simulation_bounds": {
      "min": -500,
      "max": 500
    },
    "num_plants": 75,
    "num_bees": 30,
    "num_hives": 1,
    "bee_velocity_mean": 24,
    "bee_velocity_std": 1.0,
    "dt": 0.05,
    "max_steps": 1000,
    "attraction_strength": 0.4
  },
  "metrics": {
    "total_trips": 20,
    "total_pollen_collected": 1045.0,
    "avg_distance_per_bee": 2122.3775164759722,
    "avg_trips_per_bee": 0.6666666666666666,
    "total_plant_visits": 31,
    "plants_visited": 13,
    "plant_visitation_rate": 0.17333333333333334,
    "avg_pollen_level": 0.8606666666666666,
    "pollen_per_distance": 0.016412411582257584,
    "pollen_per_bee_per_step": 0.034833333333333334
  }
}