{
  "timestamp": "2025-12-12T11:29:19.064455",
  "run_name": "sweep_70bees_75plants_r6",
  "parameters": {
    "simulation_bounds": {
      "min": -500,
      "max": 500
    },
    "num_plants": 75,
    "num_bees": 70,
    "num_hives": 1,
    "bee_velocity_mean": 24,
    "bee_velocity_std": 1.0,
    "dt": 0.05,
    "max_steps": 1000,
    "attraction_strength": 0.4
  },
  "metrics": {
    "total_trips": 85,
    "total_pollen_collected": 3280.0,
    "avg_distance_per_bee": 1840.422874864472,
    "avg_trips_per_bee": 1.2142857142857142,
    "total_plant_visits": 98,
    "plants_visited": 37,
    "plant_visitation_rate": 0.49333333333333335,
    "avg_pollen_level": 0.5626666666666668,
    "pollen_per_distance": 0.02545998721114211,
    "pollen_per_bee_per_step": 0.046857142857142854
  }
}