{
  "timestamp": "2025-12-12T11:27:51.473241",
  "run_name": "sweep_60bees_75plants_r5",
  "parameters": {
    "simulation_bounds": {
      "min": -500,
      "max": 500
    },
    "num_plants": 75,
    "num_bees": 60,
    "num_hives": 1,
    "bee_velocity_mean": 24,
    "bee_velocity_std": 1.0,
    "dt": 0.05,
    "max_steps": 1000,
    "attraction_strength": 0.4
  },
  "metrics": {
    "total_trips": 70,
    "total_pollen_collected": 2825.0,
    "avg_distance_per_bee": 1854.1979178652116,
    "avg_trips_per_bee": 1.1666666666666667,
    "total_plant_visits": 84,
    "plants_visited": 37,
    "plant_visitation_rate": 0.49333333333333335,
    "avg_pollen_level": 0.6233333333333333,
    "pollen_per_distance": 0.02539283044149982,
    "pollen_per_bee_per_step": 0.04708333333333333
  }
}