{
  "timestamp": "2025-12-12T11:26:04.181239",
  "run_name": "sweep_30bees_75plants_r3",
  "parameters": {
    "simulation_bounds": {
      "min": -500,
      "max": 500
    },
    "num_plants": 75,
    "num_bees": 30,
    "num_hives": 1,
    "bee_velocity_mean": 24,
    "bee_velocity_std": 1.0,
    "dt": 0.05,
    "max_steps": 1000,
    "attraction_strength": 0.4
  },
  "metrics": {
    "total_trips": 55,
    "total_pollen_collected": 2125.0,
    "avg_distance_per_bee": 1779.4869684286334,
    "avg_trips_per_bee": 1.8333333333333333,
    "total_plant_visits": 63,
    "plants_visited": 26,
    "plant_visitation_rate": 0.3466666666666667,
    "avg_pollen_level": 0.7166666666666666,
    "pollen_per_distance": 0.039805480225506985,
    "pollen_per_bee_per_step": 0.07083333333333333
  }
}