{
  "timestamp": "2025-12-12T11:32:48.626353",
  "run_name": "sweep_120bees_75plants_r5",
  "parameters": {
    "simulation_bounds": {
      "min": -500,
      "max": 500
    },
    "num_plants": 75,
    "num_bees": 120,
    "num_hives": 1,
    "bee_velocity_mean": 24,
    "bee_velocity_std": 1.0,
    "dt": 0.05,
    "max_steps": 1000,
    "attraction_strength": 0.4
  },
  "metrics": {
    "total_trips": 109,
    "total_pollen_collected": 4765.0,
    "avg_distance_per_bee": 1980.1516255906974,
    "avg_trips_per_bee": 0.9083333333333333,
    "total_plant_visits": 142,
    "plants_visited": 55,
    "plant_visitation_rate": 0.7333333333333333,
    "avg_pollen_level": 0.3646666666666667,
    "pollen_per_distance": 0.020053178160782496,
    "pollen_per_bee_per_step": 0.03970833333333333
  }
}