{
  "timestamp": "2025-12-12T11:31:35.407246",
  "run_name": "sweep_120bees_75plants_r0",
  "parameters": {
    "simulation_bounds": {
      "min": -500,
      "max": 500
    },
    "num_plants": 75,
    "num_bees": 120,
    "num_hives": 1,
    "bee_velocity_mean": 24,
    "bee_velocity_std": 1.0,
    "dt": 0.05,
    "max_steps": 1000,
    "attraction_strength": 0.4
  },
  "metrics": {
    "total_trips": 79,
    "total_pollen_collected": 3275.0,
    "avg_distance_per_bee": 1986.4324016936337,
    "avg_trips_per_bee": 0.6583333333333333,
    "total_plant_visits": 98,
    "plants_visited": 35,
    "plant_visitation_rate": 0.4666666666666667,
    "avg_pollen_level": 0.5633333333333334,
    "pollen_per_distance": 0.013739036195441522,
    "pollen_per_bee_per_step": 0.027291666666666665
  }
}