{
  "timestamp": "2025-12-12T11:28:13.470564",
  "run_name": "sweep_60bees_75plants_r8",
  "parameters": {
    "simulation_bounds": {
      "min": -500,
      "max": 500
    },
    "num_plants": 75,
    "num_bees": 60,
    "num_hives": 1,
    "bee_velocity_mean": 24,
    "bee_velocity_std": 1.0,
    "dt": 0.05,
    "max_steps": 1000,
    "attraction_strength": 0.4
  },
  "metrics": {
    "total_trips": 77,
    "total_pollen_collected": 3470.0,
    "avg_distance_per_bee": 1817.997453406852,
    "avg_trips_per_bee": 1.2833333333333334,
    "total_plant_visits": 103,
    "plants_visited": 43,
    "plant_visitation_rate": 0.5733333333333334,
    "avg_pollen_level": 0.5373333333333333,
    "pollen_per_distance": 0.03181155904534193,
    "pollen_per_bee_per_step": 0.057833333333333334
  }
}