{
  "timestamp": "2025-12-12T11:33:37.132679",
  "run_name": "sweep_120bees_75plants_r8",
  "parameters": {
    "simulation_bounds": {
      "min": -500,
      "max": 500
    },
    "num_plants": 75,
    "num_bees": 120,
    "num_hives": 1,
    "bee_velocity_mean": 24,
    "bee_velocity_std": 1.0,
    "dt": 0.05,
    "max_steps": 1000,
    "attraction_strength": 0.4
  },
  "metrics": {
    "total_trips": 76,
    "total_pollen_collected": 3320.0,
    "avg_distance_per_bee": 2068.4281650801836,
    "avg_trips_per_bee": 0.6333333333333333,
    "total_plant_visits": 99,
    "plants_visited": 38,
    "plant_visitation_rate": 0.5066666666666667,
    "avg_pollen_level": 0.5573333333333333,
    "pollen_per_distance": 0.013375696160854662,
    "pollen_per_bee_per_step": 0.027666666666666666
  }
}