{
  "timestamp": "2025-12-12T11:32:21.798086",
  "run_name": "sweep_120bees_75plants_r3",
  "parameters": {
    "simulation_bounds": {
      "min": -500,
      "max": 500
    },
    "num_plants": 75,
    "num_bees": 120,
    "num_hives": 1,
    "bee_velocity_mean": 24,
    "bee_velocity_std": 1.0,
    "dt": 0.05,
    "max_steps": 1000,
    "attraction_strength": 0.4
  },
  "metrics": {
    "total_trips": 106,
    "total_pollen_collected": 4220.0,
    "avg_distance_per_bee": 1944.9449363005444,
    "avg_trips_per_bee": 0.8833333333333333,
    "total_plant_visits": 126,
    "plants_visited": 47,
    "plant_visitation_rate": 0.6266666666666667,
    "avg_pollen_level": 0.4373333333333333,
    "pollen_per_distance": 0.018081060296522712,
    "pollen_per_bee_per_step": 0.035166666666666666
  }
}