{
  "timestamp": "2025-12-12T11:26:11.252021",
  "run_name": "sweep_30bees_75plants_r5",
  "parameters": {
    "simulation_bounds": {
      "min": -500,
      "max": 500
    },
    "num_plants": 75,
    "num_bees": 30,
    "num_hives": 1,
    "bee_velocity_mean": 24,
    "bee_velocity_std": 1.0,
    "dt": 0.05,
    "max_steps": 1000,
    "attraction_strength": 0.4
  },
  "metrics": {
    "total_trips": 46,
    "total_pollen_collected": 1915.0,
    "avg_distance_per_bee": 1743.9480528213742,
    "avg_trips_per_bee": 1.5333333333333334,
    "total_plant_visits": 57,
    "plants_visited": 23,
    "plant_visitation_rate": 0.30666666666666664,
    "avg_pollen_level": 0.7446666666666667,
    "pollen_per_distance": 0.0366027722156421,
    "pollen_per_bee_per_step": 0.06383333333333334
  }
}