{
  "timestamp": "2025-12-12T11:33:51.019681",
  "run_name": "sweep_120bees_75plants_r9",
  "parameters": {
    "simulation_bounds": {
      "min": -500,
      "max": 500
    },
    "num_plants": 75,
    "num_bees": 120,
    "num_hives": 1,
    "bee_velocity_mean": 24,
    "bee_velocity_std": 1.0,
    "dt": 0.05,
    "max_steps": 1000,
    "attraction_strength": 0.4
  },
  "metrics": {
    "total_trips": 100,
    "total_pollen_collected": 4130.0,
    "avg_distance_per_bee": 2008.172203568663,
    "avg_trips_per_bee": 0.8333333333333334,
    "total_plant_visits": 123,
    "plants_visited": 47,
    "plant_visitation_rate": 0.6266666666666667,
    "avg_pollen_level": 0.44933333333333336,
    "pollen_per_distance": 0.01713830447683014,
    "pollen_per_bee_per_step": 0.034416666666666665
  }
}