{
  "timestamp": "2025-12-13T22:02:52.591646",
  "run_name": "sweep_60bees_75plants_r3",
  "parameters": {
    "simulation_bounds": {
      "min": -500,
      "max": 500
    },
    "num_plants": 75,
    "num_bees": 60,
    "num_hives": 2,
    "bee_velocity_mean": 24,
    "bee_velocity_std": 1.0,
    "dt": 0.05,
    "max_steps": 1000,
    "attraction_strength": 0.4
  },
  "metrics": {
    "total_trips": 73,
    "total_pollen_collected": 3365.0,
    "avg_distance_per_bee": 1965.8827059246119,
    "avg_trips_per_bee": 1.2166666666666666,
    "total_plant_visits": 124,
    "plants_visited": 38,
    "plant_visitation_rate": 0.5066666666666667,
    "avg_pollen_level": 0.5513333333333335,
    "pollen_per_distance": 0.028528321229091696,
    "pollen_per_bee_per_step": 0.05608333333333333
  }
}