{
  "timestamp": "2025-12-13T22:23:41.822950",
  "run_name": "sweep_120bees_100plants_r3",
  "parameters": {
    "simulation_bounds": {
      "min": -500,
      "max": 500
    },
    "num_plants": 100,
    "num_bees": 120,
    "num_hives": 2,
    "bee_velocity_mean": 24,
    "bee_velocity_std": 1.0,
    "dt": 0.05,
    "max_steps": 1000,
    "attraction_strength": 0.4
  },
  "metrics": {
    "total_trips": 148,
    "total_pollen_collected": 6655.0,
    "avg_distance_per_bee": 1808.1131280771588,
    "avg_trips_per_bee": 1.2333333333333334,
    "total_plant_visits": 241,
    "plants_visited": 76,
    "plant_visitation_rate": 0.76,
    "avg_pollen_level": 0.33449999999999996,
    "pollen_per_distance": 0.030671937763269604,
    "pollen_per_bee_per_step": 0.05545833333333333
  }
}