{
  "timestamp": "2025-12-13T22:04:31.539522",
  "run_name": "sweep_70bees_75plants_r6",
  "parameters": {
    "simulation_bounds": {
      "min": -500,
      "max": 500
    },
    "num_plants": 75,
    "num_bees": 70,
    "num_hives": 2,
    "bee_velocity_mean": 24,
    "bee_velocity_std": 1.0,
    "dt": 0.05,
    "max_steps": 1000,
    "attraction_strength": 0.4
  },
  "metrics": {
    "total_trips": 75,
    "total_pollen_collected": 3305.0,
    "avg_distance_per_bee": 1923.5296490256026,
    "avg_trips_per_bee": 1.0714285714285714,
    "total_plant_visits": 119,
    "plants_visited": 44,
    "plant_visitation_rate": 0.5866666666666667,
    "avg_pollen_level": 0.5593333333333333,
    "pollen_per_distance": 0.024545650096011222,
    "pollen_per_bee_per_step": 0.047214285714285716
  }
}