{
  "timestamp": "2025-12-13T22:01:22.117262",
  "run_name": "sweep_30bees_75plants_r2",
  "parameters": {
    "simulation_bounds": {
      "min": -500,
      "max": 500
    },
    "num_plants": 75,
    "num_bees": 30,
    "num_hives": 2,
    "bee_velocity_mean": 24,
    "bee_velocity_std": 1.0,
    "dt": 0.05,
    "max_steps": 1000,
    "attraction_strength": 0.4
  },
  "metrics": {
    "total_trips": 61,
    "total_pollen_collected": 2590.0,
    "avg_distance_per_bee": 1704.8635440163723,
    "avg_trips_per_bee": 2.033333333333333,
    "total_plant_visits": 95,
    "plants_visited": 31,
    "plant_visitation_rate": 0.41333333333333333,
    "avg_pollen_level": 0.6546666666666667,
    "pollen_per_distance": 0.05063943893711662,
    "pollen_per_bee_per_step": 0.08633333333333333
  }
}