{
  "timestamp": "2025-12-13T22:01:15.254792",
  "run_name": "sweep_30bees_75plants_r0",
  "parameters": {
    "simulation_bounds": {
      "min": -500,
      "max": 500
    },
    "num_plants": 75,
    "num_bees": 30,
    "num_hives": 2,
    "bee_velocity_mean": 24,
    "bee_velocity_std": 1.0,
    "dt": 0.05,
    "max_steps": 1000,
    "attraction_strength": 0.4
  },
  "metrics": {
    "total_trips": 58,
    "total_pollen_collected": 2170.0,
    "avg_distance_per_bee": 1791.8433441724485,
    "avg_trips_per_bee": 1.9333333333333333,
    "total_plant_visits": 79,
    "plants_visited": 26,
    "plant_visitation_rate": 0.3466666666666667,
    "avg_pollen_level": 0.7106666666666667,
    "pollen_per_distance": 0.04036811229540829,
    "pollen_per_bee_per_step": 0.07233333333333333
  }
}