{
  "timestamp": "2025-12-13T22:04:47.226779",
  "run_name": "sweep_70bees_75plants_r8",
  "parameters": {
    "simulation_bounds": {
      "min": -500,
      "max": 500
    },
    "num_plants": 75,
    "num_bees": 70,
    "num_hives": 2,
    "bee_velocity_mean": 24,
    "bee_velocity_std": 1.0,
    "dt": 0.05,
    "max_steps": 1000,
    "attraction_strength": 0.4
  },
  "metrics": {
    "total_trips": 82,
    "total_pollen_collected": 3910.0,
    "avg_distance_per_bee": 1866.654204519261,
    "avg_trips_per_bee": 1.1714285714285715,
    "total_plant_visits": 138,
    "plants_visited": 47,
    "plant_visitation_rate": 0.6266666666666667,
    "avg_pollen_level": 0.47866666666666674,
    "pollen_per_distance": 0.029923669162670828,
    "pollen_per_bee_per_step": 0.055857142857142855
  }
}