{
  "timestamp": "2025-12-13T22:07:47.718839",
  "run_name": "sweep_120bees_75plants_r5",
  "parameters": {
    "simulation_bounds": {
      "min": -500,
      "max": 500
    },
    "num_plants": 75,
    "num_bees": 120,
    "num_hives": 2,
    "bee_velocity_mean": 24,
    "bee_velocity_std": 1.0,
    "dt": 0.05,
    "max_steps": 1000,
    "attraction_strength": 0.4
  },
  "metrics": {
    "total_trips": 101,
    "total_pollen_collected": 4370.0,
    "avg_distance_per_bee": 1911.1403392273119,
    "avg_trips_per_bee": 0.8416666666666667,
    "total_plant_visits": 158,
    "plants_visited": 50,
    "plant_visitation_rate": 0.6666666666666666,
    "avg_pollen_level": 0.41733333333333333,
    "pollen_per_distance": 0.019054941136028868,
    "pollen_per_bee_per_step": 0.03641666666666667
  }
}