{
  "timestamp": "2025-12-12T08:52:34.181714",
  "run_name": "sweep_120bees_75plants_r7",
  "parameters": {
    "simulation_bounds": {
      "min": -500,
      "max": 500
    },
    "num_plants": 75,
    "num_bees": 120,
    "num_hives": 2,
    "bee_velocity_mean": 24,
    "bee_velocity_std": 1.0,
    "dt": 0.05,
    "max_steps": 1000,
    "attraction_strength": 0.4
  },
  "metrics": {
    "total_trips": 136,
    "total_pollen_collected": 5125.0,
    "avg_distance_per_bee": 1887.1859340365118,
    "avg_trips_per_bee": 1.1333333333333333,
    "total_plant_visits": 153,
    "plants_visited": 58,
    "plant_visitation_rate": 0.7733333333333333,
    "avg_pollen_level": 0.31666666666666665,
    "pollen_per_distance": 0.02263069714703959,
    "pollen_per_bee_per_step": 0.042708333333333334
  }
}