{
  "timestamp": "2025-12-12T08:47:43.856639",
  "run_name": "sweep_60bees_75plants_r6",
  "parameters": {
    "simulation_bounds": {
      "min": -500,
      "max": 500
    },
    "num_plants": 75,
    "num_bees": 60,
    "num_hives": 2,
    "bee_velocity_mean": 24,
    "bee_velocity_std": 1.0,
    "dt": 0.05,
    "max_steps": 1000,
    "attraction_strength": 0.4
  },
  "metrics": {
    "total_trips": 98,
    "total_pollen_collected": 3995.0,
    "avg_distance_per_bee": 1801.5353997831314,
    "avg_trips_per_bee": 1.6333333333333333,
    "total_plant_visits": 119,
    "plants_visited": 47,
    "plant_visitation_rate": 0.6266666666666667,
    "avg_pollen_level": 0.4673333333333333,
    "pollen_per_distance": 0.036959214535195156,
    "pollen_per_bee_per_step": 0.06658333333333333
  }
}