{
  "timestamp": "2025-12-12T08:49:04.156852",
  "run_name": "sweep_70bees_75plants_r7",
  "parameters": {
    "simulation_bounds": {
      "min": -500,
      "max": 500
    },
    "num_plants": 75,
    "num_bees": 70,
    "num_hives": 2,
    "bee_velocity_mean": 24,
    "bee_velocity_std": 1.0,
    "dt": 0.05,
    "max_steps": 1000,
    "attraction_strength": 0.4
  },
  "metrics": {
    "total_trips": 107,
    "total_pollen_collected": 4265.0,
    "avg_distance_per_bee": 1950.7588271375778,
    "avg_trips_per_bee": 1.5285714285714285,
    "total_plant_visits": 127,
    "plants_visited": 49,
    "plant_visitation_rate": 0.6533333333333333,
    "avg_pollen_level": 0.43133333333333335,
    "pollen_per_distance": 0.031233267065603504,
    "pollen_per_bee_per_step": 0.06092857142857143
  }
}