{
  "timestamp": "2025-12-12T08:47:09.532867",
  "run_name": "sweep_60bees_75plants_r1",
  "parameters": {
    "simulation_bounds": {
      "min": -500,
      "max": 500
    },
    "num_plants": 75,
    "num_bees": 60,
    "num_hives": 2,
    "bee_velocity_mean": 24,
    "bee_velocity_std": 1.0,
    "dt": 0.05,
    "max_steps": 1000,
    "attraction_strength": 0.4
  },
  "metrics": {
    "total_trips": 104,
    "total_pollen_collected": 3820.0,
    "avg_distance_per_bee": 1882.3486874628873,
    "avg_trips_per_bee": 1.7333333333333334,
    "total_plant_visits": 114,
    "plants_visited": 43,
    "plant_visitation_rate": 0.5733333333333334,
    "avg_pollen_level": 0.49066666666666664,
    "pollen_per_distance": 0.03382299309937067,
    "pollen_per_bee_per_step": 0.06366666666666666
  }
}