{
  "timestamp": "2025-12-12T08:45:51.021915",
  "run_name": "sweep_30bees_75plants_r1",
  "parameters": {
    "simulation_bounds": {
      "min": -500,
      "max": 500
    },
    "num_plants": 75,
    "num_bees": 30,
    "num_hives": 2,
    "bee_velocity_mean": 24,
    "bee_velocity_std": 1.0,
    "dt": 0.05,
    "max_steps": 1000,
    "attraction_strength": 0.4
  },
  "metrics": {
    "total_trips": 88,
    "total_pollen_collected": 3295.0,
    "avg_distance_per_bee": 1649.5961862619386,
    "avg_trips_per_bee": 2.933333333333333,
    "total_plant_visits": 98,
    "plants_visited": 41,
    "plant_visitation_rate": 0.5466666666666666,
    "avg_pollen_level": 0.5606666666666666,
    "pollen_per_distance": 0.06658195153943751,
    "pollen_per_bee_per_step": 0.10983333333333334
  }
}