{
  "timestamp": "2025-12-12T08:48:10.759460",
  "run_name": "sweep_70bees_75plants_r0",
  "parameters": {
    "simulation_bounds": {
      "min": -500,
      "max": 500
    },
    "num_plants": 75,
    "num_bees": 70,
    "num_hives": 2,
    "bee_velocity_mean": 24,
    "bee_velocity_std": 1.0,
    "dt": 0.05,
    "max_steps": 1000,
    "attraction_strength": 0.4
  },
  "metrics": {
    "total_trips": 83,
    "total_pollen_collected": 3155.0,
    "avg_distance_per_bee": 1910.1227612643381,
    "avg_trips_per_bee": 1.1857142857142857,
    "total_plant_visits": 94,
    "plants_visited": 37,
    "plant_visitation_rate": 0.49333333333333335,
    "avg_pollen_level": 0.5793333333333334,
    "pollen_per_distance": 0.023596089992454272,
    "pollen_per_bee_per_step": 0.045071428571428575
  }
}