{
  "timestamp": "2025-12-12T08:48:18.490384",
  "run_name": "sweep_70bees_75plants_r1",
  "parameters": {
    "simulation_bounds": {
      "min": -500,
      "max": 500
    },
    "num_plants": 75,
    "num_bees": 70,
    "num_hives": 2,
    "bee_velocity_mean": 24,
    "bee_velocity_std": 1.0,
    "dt": 0.05,
    "max_steps": 1000,
    "attraction_strength": 0.4
  },
  "metrics": {
    "total_trips": 102,
    "total_pollen_collected": 3950.0,
    "avg_distance_per_bee": 1885.8479746488642,
    "avg_trips_per_bee": 1.457142857142857,
    "total_plant_visits": 118,
    "plants_visited": 43,
    "plant_visitation_rate": 0.5733333333333334,
    "avg_pollen_level": 0.47333333333333333,
    "pollen_per_distance": 0.029922121076105382,
    "pollen_per_bee_per_step": 0.056428571428571425
  }
}