{
  "timestamp": "2025-12-12T08:47:37.876710",
  "run_name": "sweep_60bees_75plants_r5",
  "parameters": {
    "simulation_bounds": {
      "min": -500,
      "max": 500
    },
    "num_plants": 75,
    "num_bees": 60,
    "num_hives": 2,
    "bee_velocity_mean": 24,
    "bee_velocity_std": 1.0,
    "dt": 0.05,
    "max_steps": 1000,
    "attraction_strength": 0.4
  },
  "metrics": {
    "total_trips": 55,
    "total_pollen_collected": 2450.0,
    "avg_distance_per_bee": 2095.2052114785415,
    "avg_trips_per_bee": 0.9166666666666666,
    "total_plant_visits": 73,
    "plants_visited": 29,
    "plant_visitation_rate": 0.38666666666666666,
    "avg_pollen_level": 0.6733333333333333,
    "pollen_per_distance": 0.019488942233261305,
    "pollen_per_bee_per_step": 0.04083333333333333
  }
}