{
  "timestamp": "2025-12-12T08:51:28.321738",
  "run_name": "sweep_120bees_75plants_r2",
  "parameters": {
    "simulation_bounds": {
      "min": -500,
      "max": 500
    },
    "num_plants": 75,
    "num_bees": 120,
    "num_hives": 2,
    "bee_velocity_mean": 24,
    "bee_velocity_std": 1.0,
    "dt": 0.05,
    "max_steps": 1000,
    "attraction_strength": 0.4
  },
  "metrics": {
    "total_trips": 131,
    "total_pollen_collected": 5390.0,
    "avg_distance_per_bee": 1860.0562562068678,
    "avg_trips_per_bee": 1.0916666666666666,
    "total_plant_visits": 161,
    "plants_visited": 59,
    "plant_visitation_rate": 0.7866666666666666,
    "avg_pollen_level": 0.2813333333333333,
    "pollen_per_distance": 0.02414801515641429,
    "pollen_per_bee_per_step": 0.04491666666666667
  }
}